{"cameraMode":{"drawMode":0,"name":"Shaded","section":"Shading Mode"},"sceneLighting":false,"audioPlay":false,"sceneViewState":{"m_AlwaysRefresh":false,"showFog":true,"showSkybox":false,"showFlares":true,"showImageEffects":true,"showParticleSystems":true,"showVisualEffectGraphs":true,"m_FxEnabled":true},"in2DMode":false,"pivot":{"x":0.08014875650405884,"y":0.786314070224762,"z":0.2046760767698288},"rotation":{"x":0.22924739122390748,"y":-0.006575298495590687,"z":0.001548450905829668,"w":0.9733448028564453},"size":1.1472408771514893,"orthographic":false}