{"cameraMode":{"drawMode":0,"name":"Shaded","section":"Shading Mode"},"sceneLighting":true,"audioPlay":false,"sceneViewState":{"m_AlwaysRefresh":false,"showFog":true,"showSkybox":true,"showFlares":true,"showImageEffects":true,"showParticleSystems":true,"showVisualEffectGraphs":true,"m_FxEnabled":true},"in2DMode":false,"pivot":{"x":0.0571136474609375,"y":0.2043500691652298,"z":-0.26434749364852908},"rotation":{"x":0.03676889091730118,"y":-0.9626019597053528,"z":0.20699207484722138,"w":0.17097923159599305},"size":0.4423840641975403,"orthographic":false}