{"cameraMode":{"drawMode":0,"name":"Shaded","section":"Shading Mode"},"sceneLighting":false,"audioPlay":false,"sceneViewState":{"m_AlwaysRefresh":false,"showFog":true,"showSkybox":true,"showFlares":true,"showImageEffects":true,"showParticleSystems":true,"showVisualEffectGraphs":true,"m_FxEnabled":true},"in2DMode":false,"pivot":{"x":0.20385189354419709,"y":-0.5452821254730225,"z":1.1968958377838135},"rotation":{"x":0.22924739122390748,"y":-0.006575298495590687,"z":0.001548450905829668,"w":0.9733448028564453},"size":1.0067684650421143,"orthographic":false}